{"cameraMode":{"drawMode":0,"name":"Shaded","section":"Shading Mode"},"sceneLighting":false,"audioPlay":false,"sceneViewState":{"showFog":true,"showMaterialUpdate":false,"showSkybox":false,"showFlares":true,"showImageEffects":true,"showParticleSystems":true},"in2DMode":false,"pivot":{"x":0.3685266971588135,"y":0.5964512825012207,"z":0.27442383766174319},"rotation":{"x":-0.32057541608810427,"y":-0.06376197189092636,"z":0.021756762638688089,"w":-0.9451955556869507},"size":3.5292563438415529,"orthographic":false}