{"cameraMode":{"drawMode":0,"name":"Shaded","section":"Shading Mode"},"sceneLighting":false,"audioPlay":false,"sceneViewState":{"showFog":true,"showMaterialUpdate":false,"showSkybox":false,"showFlares":true,"showImageEffects":true,"showParticleSystems":true},"in2DMode":false,"pivot":{"x":-9.06134033203125,"y":-4.432750701904297,"z":3.5976219177246095},"rotation":{"x":0.4983184039592743,"y":0.33080562949180605,"z":-0.21375341713428498,"w":0.7725419998168945},"size":22.369943618774415,"orthographic":false}