{"cameraMode":{"drawMode":0,"name":"Shaded","section":"Shading Mode"},"sceneLighting":false,"audioPlay":false,"sceneViewState":{"showFog":true,"showMaterialUpdate":false,"showSkybox":false,"showFlares":true,"showImageEffects":true,"showParticleSystems":true},"in2DMode":false,"pivot":{"x":-10.124530792236329,"y":2.1340622901916506,"z":-1.4331684112548829},"rotation":{"x":0.10358420759439469,"y":0.8955355286598206,"z":-0.2844525873661041,"w":0.32665517926216128},"size":10.129118919372559,"orthographic":false}