{"cameraMode":{"drawMode":0,"name":"Shaded","section":"Shading Mode"},"sceneLighting":false,"audioPlay":false,"sceneViewState":{"showFog":true,"showMaterialUpdate":false,"showSkybox":false,"showFlares":true,"showImageEffects":true,"showParticleSystems":true},"in2DMode":false,"pivot":{"x":-9.466975212097168,"y":-0.5296406745910645,"z":-1.4865703582763672},"rotation":{"x":0.39783209562301638,"y":0.34879738092422488,"z":-0.16587616503238679,"w":0.8325369358062744},"size":11.535599708557129,"orthographic":false}