{"cameraMode":{"drawMode":0,"name":"Shaded","section":"Shading Mode"},"sceneLighting":false,"audioPlay":false,"sceneViewState":{"showFog":true,"showMaterialUpdate":false,"showSkybox":false,"showFlares":true,"showImageEffects":true,"showParticleSystems":true},"in2DMode":false,"pivot":{"x":-8.032520294189454,"y":0.971745491027832,"z":2.3290719985961916},"rotation":{"x":-0.526309072971344,"y":-0.3159751296043396,"z":0.22156520187854768,"w":-0.7581985592842102},"size":23.118431091308595,"orthographic":false}