{"cameraMode":{"drawMode":0,"name":"Shaded","section":"Shading Mode"},"sceneLighting":false,"audioPlay":false,"sceneViewState":{"showFog":true,"showMaterialUpdate":false,"showSkybox":false,"showFlares":true,"showImageEffects":true,"showParticleSystems":true},"in2DMode":false,"pivot":{"x":-8.423476219177246,"y":-6.587678909301758,"z":2.7458748817443849},"rotation":{"x":0.4024171233177185,"y":0.5614036321640015,"z":-0.3617166578769684,"w":0.6267122030258179},"size":30.203752517700197,"orthographic":false}