{"cameraMode":{"drawMode":0,"name":"Shaded","section":"Shading Mode"},"sceneLighting":false,"audioPlay":false,"sceneViewState":{"showFog":true,"showMaterialUpdate":false,"showSkybox":false,"showFlares":true,"showImageEffects":true,"showParticleSystems":true},"in2DMode":false,"pivot":{"x":-8.200055122375489,"y":-4.236274719238281,"z":2.192929267883301},"rotation":{"x":0.4687405228614807,"y":0.4700279235839844,"z":-0.32805219292640688,"w":0.6723383665084839},"size":23.596450805664064,"orthographic":false}