{"cameraMode":{"drawMode":0,"name":"Shaded","section":"Shading Mode"},"sceneLighting":false,"audioPlay":false,"sceneViewState":{"showFog":true,"showMaterialUpdate":false,"showSkybox":false,"showFlares":true,"showImageEffects":true,"showParticleSystems":true},"in2DMode":false,"pivot":{"x":0.9539999961853027,"y":1.3140000104904175,"z":10.458000183105469},"rotation":{"x":0.24106967449188233,"y":0.597396194934845,"z":-0.19468006491661073,"w":0.7398709058761597},"size":1.6135501861572266,"orthographic":false}