{"cameraMode":{"drawMode":0,"name":"Shaded","section":"Shading Mode"},"sceneLighting":false,"audioPlay":false,"sceneViewState":{"showFog":true,"showMaterialUpdate":false,"showSkybox":false,"showFlares":true,"showImageEffects":true,"showParticleSystems":true},"in2DMode":false,"pivot":{"x":-0.3531761169433594,"y":2.0747485160827638,"z":0.04467085003852844},"rotation":{"x":0.0762157142162323,"y":0.702521800994873,"z":-0.07624629884958267,"w":0.7036852836608887},"size":7.035335063934326,"orthographic":false}