{"cameraMode":{"drawMode":0,"name":"Shaded","section":"Shading Mode"},"sceneLighting":false,"audioPlay":false,"sceneViewState":{"showFog":true,"showMaterialUpdate":false,"showSkybox":false,"showFlares":true,"showImageEffects":true,"showParticleSystems":true},"in2DMode":false,"pivot":{"x":-8.695551872253418,"y":1.4984169006347657,"z":-1.1570725440979005},"rotation":{"x":-0.3147335350513458,"y":-0.22583140432834626,"z":0.07740737497806549,"w":-0.9189103841781616},"size":3.8445675373077394,"orthographic":false}