{"cameraMode":{"drawMode":0,"name":"Shaded","section":"Shading Mode"},"sceneLighting":false,"audioPlay":false,"sceneViewState":{"showFog":true,"showMaterialUpdate":false,"showSkybox":false,"showFlares":true,"showImageEffects":true,"showParticleSystems":true},"in2DMode":false,"pivot":{"x":-5.72169303894043,"y":29.203771591186525,"z":63.79542541503906},"rotation":{"x":0.10902225226163864,"y":0.0749865472316742,"z":-0.007939193397760392,"w":0.9914628267288208},"size":13.965747833251954,"orthographic":false}