{"cameraMode":{"drawMode":0,"name":"Shaded","section":"Shading Mode"},"sceneLighting":false,"audioPlay":false,"sceneViewState":{"showFog":true,"showMaterialUpdate":false,"showSkybox":false,"showFlares":true,"showImageEffects":true,"showParticleSystems":true},"in2DMode":false,"pivot":{"x":-10.012821197509766,"y":3.8436851501464845,"z":-3.0944623947143556},"rotation":{"x":-0.3268354535102844,"y":-0.02505987137556076,"z":0.008621705695986748,"w":-0.9449417591094971},"size":11.419273376464844,"orthographic":false}