{"cameraMode":{"drawMode":0,"name":"Shaded","section":"Shading Mode"},"sceneLighting":false,"audioPlay":false,"sceneViewState":{"showFog":true,"showMaterialUpdate":false,"showSkybox":false,"showFlares":true,"showImageEffects":true,"showParticleSystems":true},"in2DMode":false,"pivot":{"x":-19.60696792602539,"y":12.635616302490235,"z":8.556241989135743},"rotation":{"x":-0.0630071833729744,"y":0.9007444977760315,"z":-0.14042463898658753,"w":-0.4065641760826111},"size":8.084434509277344,"orthographic":false}