{"cameraMode":{"drawMode":0,"name":"Shaded","section":"Shading Mode"},"sceneLighting":false,"audioPlay":false,"sceneViewState":{"showFog":true,"showMaterialUpdate":false,"showSkybox":false,"showFlares":true,"showImageEffects":true,"showParticleSystems":true},"in2DMode":false,"pivot":{"x":-0.4761838912963867,"y":1.9108829498291016,"z":-0.6280953884124756},"rotation":{"x":0.08022323995828629,"y":0.9186357855796814,"z":-0.243784561753273,"w":0.30102837085723879},"size":5.061642169952393,"orthographic":false}