{"cameraMode":{"drawMode":0,"name":"Shaded","section":"Shading Mode"},"sceneLighting":false,"audioPlay":false,"sceneViewState":{"showFog":true,"showMaterialUpdate":false,"showSkybox":false,"showFlares":true,"showImageEffects":true,"showParticleSystems":true},"in2DMode":false,"pivot":{"x":-8.289678573608399,"y":-5.393335342407227,"z":4.379157066345215},"rotation":{"x":-0.41603147983551028,"y":-0.07129468768835068,"z":0.03510609269142151,"w":-0.9063618779182434},"size":25.733247756958009,"orthographic":false}