{"cameraMode":{"drawMode":0,"name":"Shaded","section":"Shading Mode"},"sceneLighting":false,"audioPlay":false,"sceneViewState":{"showFog":true,"showMaterialUpdate":false,"showSkybox":false,"showFlares":true,"showImageEffects":true,"showParticleSystems":true},"in2DMode":false,"pivot":{"x":0.15969300270080567,"y":2.009479284286499,"z":37.3171272277832},"rotation":{"x":-0.20549513399600984,"y":-0.02592739276587963,"z":0.005586153361946344,"w":-0.978539228439331},"size":10.548041343688965,"orthographic":false}