{"cameraMode":{"drawMode":0,"name":"Shaded","section":"Shading Mode"},"sceneLighting":false,"audioPlay":false,"sceneViewState":{"showFog":true,"showMaterialUpdate":false,"showSkybox":false,"showFlares":true,"showImageEffects":true,"showParticleSystems":true},"in2DMode":false,"pivot":{"x":12.63479995727539,"y":11.101483345031739,"z":-7.038963317871094},"rotation":{"x":0.14317554235458375,"y":0.36203238368034365,"z":-0.056473396718502048,"w":0.9195537567138672},"size":6.268171787261963,"orthographic":false}