{"cameraMode":{"drawMode":0,"name":"Shaded","section":"Shading Mode"},"sceneLighting":false,"audioPlay":false,"sceneViewState":{"showFog":true,"showMaterialUpdate":false,"showSkybox":false,"showFlares":true,"showImageEffects":true,"showParticleSystems":true},"in2DMode":false,"pivot":{"x":-8.99453353881836,"y":-4.876100540161133,"z":3.503312587738037},"rotation":{"x":-0.43581056594848635,"y":-0.27872517704963686,"z":0.14496716856956483,"w":-0.8438766002655029},"size":22.539020538330079,"orthographic":false}