{"cameraMode":{"drawMode":0,"name":"Shaded","section":"Shading Mode"},"sceneLighting":false,"audioPlay":false,"sceneViewState":{"showFog":true,"showMaterialUpdate":false,"showSkybox":false,"showFlares":true,"showImageEffects":true,"showParticleSystems":true},"in2DMode":false,"pivot":{"x":-0.30526769161224368,"y":1.7529511451721192,"z":7.7276201248168949},"rotation":{"x":-0.17152398824691773,"y":-0.04237571358680725,"z":0.007431020960211754,"w":-0.9844824075698853},"size":13.057323455810547,"orthographic":false}