{"cameraMode":{"drawMode":0,"name":"Shaded","section":"Shading Mode"},"sceneLighting":false,"audioPlay":false,"sceneViewState":{"showFog":true,"showMaterialUpdate":false,"showSkybox":false,"showFlares":true,"showImageEffects":true,"showParticleSystems":true},"in2DMode":false,"pivot":{"x":-1.1442975997924805,"y":9.805842399597168,"z":80.29004669189453},"rotation":{"x":0.03842242434620857,"y":-0.9404327869415283,"z":0.11025451868772507,"w":0.3199051022529602},"size":18.185354232788087,"orthographic":false}