{"cameraMode":{"drawMode":0,"name":"Shaded","section":"Shading Mode"},"sceneLighting":false,"audioPlay":false,"sceneViewState":{"showFog":true,"showMaterialUpdate":false,"showSkybox":false,"showFlares":true,"showImageEffects":true,"showParticleSystems":true},"in2DMode":false,"pivot":{"x":1.098353385925293,"y":-0.3431210517883301,"z":0.9950994253158569},"rotation":{"x":-0.3390260934829712,"y":-0.21320116519927979,"z":0.07930493354797363,"w":-0.9132479429244995},"size":5.494608402252197,"orthographic":false}