{"cameraMode":{"drawMode":0,"name":"Shaded","section":"Shading Mode"},"sceneLighting":false,"audioPlay":false,"sceneViewState":{"showFog":true,"showMaterialUpdate":false,"showSkybox":false,"showFlares":true,"showImageEffects":true,"showParticleSystems":true},"in2DMode":false,"pivot":{"x":-9.702164649963379,"y":0.3387470245361328,"z":1.2206449508666993},"rotation":{"x":0.4782434105873108,"y":0.3797735869884491,"z":-0.24211718142032624,"w":0.754439651966095},"size":20.141109466552736,"orthographic":false}