{"cameraMode":{"drawMode":0,"name":"Shaded","section":"Shading Mode"},"sceneLighting":false,"audioPlay":false,"sceneViewState":{"showFog":true,"showMaterialUpdate":false,"showSkybox":false,"showFlares":true,"showImageEffects":true,"showParticleSystems":true},"in2DMode":false,"pivot":{"x":-7.963972091674805,"y":-3.940389633178711,"z":5.2090044021606449},"rotation":{"x":-0.4213988780975342,"y":-0.3883077800273895,"z":0.20795869827270509,"w":-0.7931855320930481},"size":24.902986526489259,"orthographic":false}