{"cameraMode":{"drawMode":0,"name":"Shaded","section":"Shading Mode"},"sceneLighting":false,"audioPlay":false,"sceneViewState":{"showFog":true,"showMaterialUpdate":false,"showSkybox":false,"showFlares":true,"showImageEffects":true,"showParticleSystems":true},"in2DMode":false,"pivot":{"x":18.865840911865236,"y":-8.540736198425293,"z":17.91272735595703},"rotation":{"x":0.17737308144569398,"y":0.3818244934082031,"z":-0.07439316809177399,"w":0.9042865037918091},"size":37.00753402709961,"orthographic":false}