{"cameraMode":{"drawMode":0,"name":"Shaded","section":"Shading Mode"},"sceneLighting":false,"audioPlay":false,"sceneViewState":{"showFog":true,"showMaterialUpdate":false,"showSkybox":false,"showFlares":true,"showImageEffects":true,"showParticleSystems":true},"in2DMode":false,"pivot":{"x":4.041278839111328,"y":0.9997444152832031,"z":12.225547790527344},"rotation":{"x":-0.16110965609550477,"y":-0.04862906038761139,"z":0.008800259791314602,"w":-0.9860652089118958},"size":71.9882583618164,"orthographic":false}