{"cameraMode":{"drawMode":0,"name":"Shaded","section":"Shading Mode"},"sceneLighting":false,"audioPlay":false,"sceneViewState":{"showFog":true,"showMaterialUpdate":false,"showSkybox":false,"showFlares":true,"showImageEffects":true,"showParticleSystems":true},"in2DMode":false,"pivot":{"x":-6.869678497314453,"y":-3.639739990234375,"z":4.492349147796631},"rotation":{"x":-0.43154942989349368,"y":-0.4255475401878357,"z":0.24492546916007996,"w":-0.7572799921035767},"size":25.428890228271486,"orthographic":false}